Date,Close,High,Low,Open,Volume
2023-01-01,96.8,97.6,96.2,97.0,10264.919
2023-01-02,99.3,100.4,95.5,96.8,41183.038
2023-01-03,99.6,100.4,98.8,99.3,34511.544
2023-01-04,101.5,102.5,99.5,99.6,58636.885
2023-01-05,101.2,103.5,100.6,101.6,60392.462
2023-01-06,101.7,101.9,98.0,101.1,63179.02
2023-01-07,101.4,102.3,101.1,101.6,30203.645
2023-01-08,103.7,104.0,100.8,101.5,52981.958
2023-01-09,106.9,107.9,103.6,103.7,68710.657
2023-01-10,107.4,109.3,105.5,106.8,45513.415
2023-01-11,109.9,110.1,105.5,107.5,41716.031
2023-01-12,119.7,129.4,107.3,109.9,241816.752
2023-01-13,124.6,128.0,117.8,119.6,143625.194
2023-01-14,125.8,131.3,120.0,124.5,163633.929
2023-01-15,124.8,127.5,121.4,125.8,83784.619
2023-01-16,124.2,127.1,119.5,124.9,88029.139
2023-01-17,122.7,125.7,121.8,124.2,53759.085
2023-01-18,118.7,127.5,115.2,122.8,94056.587
2023-01-19,121.6,122.5,118.6,118.6,39384.007
2023-01-20,128.1,128.2,120.4,121.7,56520.949
2023-01-21,128.0,134.2,125.3,128.0,98438.739
2023-01-22,128.6,132.5,127.2,128.0,56391.958
2023-01-23,133.2,138.6,128.4,128.5,96735.208
2023-01-24,128.2,137.2,125.6,133.2,57354.054
2023-01-25,131.8,134.6,125.3,128.2,48990.863
2023-01-26,134.0,135.1,129.5,131.9,46366.219
2023-01-27,135.2,136.4,131.7,133.9,44599.708
2023-01-28,132.7,135.8,131.3,135.2,28534.606
2023-01-29,136.6,138.7,131.9,132.7,51248.781
2023-01-30,131.2,136.7,127.4,136.5,62216.158
2023-01-31,133.3,136.5,130.6,131.2,42244.265
2023-02-01,136.2,136.9,129.8,133.3,50549.855
2023-02-02,136.7,143.6,135.5,136.2,82403.925
2023-02-03,137.9,139.6,136.1,136.8,39249.199
2023-02-04,138.0,140.1,136.4,137.9,31490.903
2023-02-05,134.4,138.3,132.7,138.1,42079.311
2023-02-06,131.5,135.0,130.2,134.4,29789.536
2023-02-07,135.9,137.6,131.2,131.5,41185.683
2023-02-08,131.6,136.8,129.4,135.9,44511.533
2023-02-09,126.6,132.5,121.8,131.5,84390.542
2023-02-10,124.3,130.3,123.8,126.7,47331.035
2023-02-11,124.6,125.4,123.1,124.3,37171.503
2023-02-12,122.9,126.7,121.2,124.7,30304.051
2023-02-13,123.8,124.7,119.7,122.8,64537.554
2023-02-14,126.7,127.2,122.8,123.9,51039.353
2023-02-15,134.8,135.4,125.1,126.7,64483.622
2023-02-16,128.0,135.8,127.6,134.8,61743.174
2023-02-17,133.4,134.7,127.5,127.9,51358.085
2023-02-18,136.2,138.8,133.2,133.4,46251.432
2023-02-19,136.0,141.1,134.6,136.2,58952.375
2023-02-20,145.1,149.1,133.2,136.1,123482.868
2023-02-21,145.3,154.4,142.7,145.0,144377.878
2023-02-22,142.0,145.7,136.8,145.3,49878.017
2023-02-23,138.8,143.8,137.4,141.9,37061.147
2023-02-24,132.7,139.7,130.4,138.7,39473.826
2023-02-25,133.2,135.6,129.5,132.7,39638.761
2023-02-26,136.3,137.5,132.2,133.1,27869.47
2023-02-27,135.2,138.2,133.3,136.3,33727.459
2023-02-28,132.0,135.3,130.5,135.2,37638.507
2023-03-01,134.3,135.9,131.7,132.0,29814.269
2023-03-02,131.8,134.8,129.8,134.3,32693.299
2023-03-03,126.4,131.9,120.0,131.9,51028.14
2023-03-04,124.4,127.2,122.3,126.3,21819.805
2023-03-05,124.0,126.5,123.2,124.3,14793.093
2023-03-06,124.2,125.0,122.1,124.0,22612.199
2023-03-07,122.1,126.0,120.0,124.2,28569.05
2023-03-08,116.6,122.6,114.5,122.2,42494.959
2023-03-09,110.2,118.4,106.4,116.6,51768.299
2023-03-10,111.5,111.9,105.1,110.3,62563.886
2023-03-11,113.6,115.1,107.2,111.5,67504.736
2023-03-12,120.2,120.9,112.0,113.6,52359.593
2023-03-13,126.6,128.1,119.1,120.3,91701.176
2023-03-14,131.0,140.0,125.2,126.6,97283.004
2023-03-15,123.2,133.8,122.0,131.0,65394.589
2023-03-16,125.8,127.0,122.2,123.1,49577.94
2023-03-17,135.5,135.7,124.8,125.7,56746.178
2023-03-18,131.1,138.0,130.2,135.5,47669.45
2023-03-19,135.7,136.9,131.0,131.0,31897.554
2023-03-20,130.3,139.5,129.5,135.8,53715.156
2023-03-21,134.0,134.7,125.6,130.3,68393.701
2023-03-22,125.9,134.2,122.8,134.0,76774.38
2023-03-23,128.6,131.1,124.4,126.0,88044.151
2023-03-24,123.7,131.9,121.5,128.7,81345.701
2023-03-25,125.2,127.5,123.2,123.8,32778.425
2023-03-26,124.7,127.1,123.6,125.1,27644.555
2023-03-27,120.4,125.0,116.6,124.7,64614.154
2023-03-28,120.9,122.3,119.1,120.4,59140.681
2023-03-29,123.3,124.8,120.4,120.9,58026.013
2023-03-30,121.1,125.3,119.0,123.3,61260.393
2023-03-31,123.9,124.6,120.1,121.1,33062.459
2023-04-01,126.1,127.6,123.4,123.9,40065.83
2023-04-02,123.0,126.5,121.2,126.1,32720.465
2023-04-03,127.8,129.7,119.5,123.0,117684.74
2023-04-04,127.1,128.3,125.9,127.8,49808.469
2023-04-05,127.2,130.0,125.2,127.1,49976.723
2023-04-06,126.0,127.6,124.8,127.3,23152.352
2023-04-07,124.5,126.6,123.2,126.1,27864.219
2023-04-08,123.8,125.2,122.8,124.5,17951.776
2023-04-09,125.6,126.4,123.3,123.7,17464.437
2023-04-10,128.0,128.7,124.0,125.5,32059.604
2023-04-11,129.1,130.7,127.4,128.0,43069.52
2023-04-12,128.7,129.9,125.4,129.1,42992.598
2023-04-13,131.1,132.6,128.0,128.8,52186.844
2023-04-14,132.2,134.4,128.9,131.1,60371.409
2023-04-15,132.5,133.6,130.7,132.2,37448.831
2023-04-16,134.4,136.1,131.1,132.5,40000.535
2023-04-17,131.5,134.5,130.2,134.3,39990.332
2023-04-18,133.6,134.2,130.3,131.5,33908.827
2023-04-19,124.9,133.9,122.6,133.6,77117.412
2023-04-20,123.2,126.9,121.4,124.8,39412.507
2023-04-21,119.8,125.1,118.3,123.1,44640.146
2023-04-22,122.0,122.8,119.1,119.8,28302.999
2023-04-23,119.8,122.8,117.9,122.1,23382.799
2023-04-24,119.2,121.6,118.7,119.8,39350.504
2023-04-25,120.2,120.4,116.6,119.2,30910.417
2023-04-26,117.6,123.4,111.5,120.2,62735.559
2023-04-27,117.0,120.4,116.2,117.6,77460.877
2023-04-28,118.0,120.4,115.3,117.0,53783.839
2023-04-29,119.7,120.2,117.6,118.0,16978.827
2023-04-30,117.7,121.0,117.6,119.7,23552.937
2023-05-01,117.1,118.4,115.1,117.6,22506.425
2023-05-02,119.3,119.7,116.3,117.0,24470.907
2023-05-03,120.0,120.8,115.9,119.2,28932.33
2023-05-04,117.3,120.2,116.4,120.0,18089.498
2023-05-05,120.0,121.0,116.5,117.3,27513.874
2023-05-06,117.0,120.6,115.3,120.0,28806.377
2023-05-07,116.1,117.7,115.8,116.9,13454.768
2023-05-08,111.1,116.8,107.0,116.0,52782.197
2023-05-09,122.2,123.9,110.1,111.2,235926.06
2023-05-10,115.8,124.7,111.5,122.2,154502.293
2023-05-11,113.2,115.8,110.0,115.7,47106.723
2023-05-12,114.7,115.7,112.2,113.2,43317.957
2023-05-13,113.0,115.0,112.5,114.7,21084.691
2023-05-14,115.2,116.1,112.9,113.0,27029.827
2023-05-15,116.1,120.9,114.2,115.2,77793.594
2023-05-16,116.7,117.6,114.0,116.1,24166.612
2023-05-17,118.0,118.8,115.3,116.7,40417.3
2023-05-18,115.3,118.1,112.8,118.0,31700.593
2023-05-19,115.6,116.1,114.4,115.2,17682.876
2023-05-20,116.6,117.0,114.6,115.5,17287.171
2023-05-21,114.7,117.1,113.8,116.7,13837.853
2023-05-22,114.7,115.3,113.0,114.7,28252.406
2023-05-23,115.7,117.4,114.7,114.7,23419.687
2023-05-24,112.1,115.7,110.8,115.7,35368.587
2023-05-25,111.9,112.4,109.2,112.1,21059.757
2023-05-26,113.2,113.8,111.4,111.9,17662.873
2023-05-27,113.8,114.1,112.1,113.2,11827.762
2023-05-28,116.4,116.8,113.6,113.9,20725.449
2023-05-29,114.9,117.3,114.6,116.5,36462.586
2023-05-30,113.9,115.8,113.8,114.9,29794.614
2023-05-31,113.2,114.3,112.0,113.9,34303.537
2023-06-01,113.4,113.6,111.5,113.3,19159.636
2023-06-02,114.9,115.4,112.8,113.3,27534.325
2023-06-03,114.9,115.3,114.2,114.8,15120.556
2023-06-04,115.7,117.0,114.1,114.9,36263.798
2023-06-05,108.7,115.7,107.0,115.7,61000.736
2023-06-06,114.9,115.1,107.5,108.7,50108.608
2023-06-07,111.1,117.1,110.0,114.9,52617.497
2023-06-08,111.9,112.5,110.2,111.1,17049.471
2023-06-09,110.8,112.1,109.6,111.8,25473.668
2023-06-10,103.4,111.0,90.3,110.8,144691.226
2023-06-11,102.8,103.6,101.6,103.4,28551.014
2023-06-12,102.7,104.2,100.5,102.8,20099.816
2023-06-13,105.3,106.8,102.2,102.8,31135.101
2023-06-14,101.7,106.3,100.5,105.4,24515.355
2023-06-15,104.9,105.1,101.7,101.7,29187.914
2023-06-16,108.1,109.5,102.7,104.8,19696.143
2023-06-17,106.7,108.6,106.1,108.2,20624.112
2023-06-18,107.0,108.8,105.6,106.7,34258.436
2023-06-19,106.8,107.3,104.8,106.9,22916.622
2023-06-20,110.0,110.6,105.2,106.9,39355.486
2023-06-21,135.9,141.7,109.6,110.0,541394.24
2023-06-22,133.5,152.0,128.9,135.8,323358.509
2023-06-23,182.2,193.5,133.4,133.4,787313.759
2023-06-24,212.7,221.9,179.1,182.3,1004614.432
2023-06-25,194.3,219.9,185.6,212.6,689870.809
2023-06-26,223.7,235.0,187.5,194.2,926039.44
2023-06-27,229.9,239.4,216.0,223.8,726957.415
2023-06-28,225.1,244.0,219.7,230.0,732766.713
2023-06-29,253.4,255.5,223.8,225.0,711269.162
2023-06-30,304.2,329.0,252.2,253.3,1709900.031
2023-07-01,291.3,310.8,278.1,304.2,540822.1
2023-07-02,299.2,308.9,268.2,291.3,804213.704
2023-07-03,292.2,302.6,279.3,299.3,387646.479
2023-07-04,272.4,293.4,271.2,292.2,273833.464
2023-07-05,272.0,278.7,248.9,272.4,495714.652
2023-07-06,275.0,303.7,268.1,271.9,810940.702
2023-07-07,278.3,289.7,272.1,275.0,399084.967
2023-07-08,272.0,283.2,261.7,278.4,219928.773
2023-07-09,265.6,279.7,262.2,272.0,173195.331
2023-07-10,274.7,287.8,258.6,265.6,371744.555
2023-07-11,274.0,277.6,270.2,274.8,132701.152
2023-07-12,282.2,295.0,272.7,274.0,285425.87
2023-07-13,273.9,292.4,268.6,282.3,424908.312
2023-07-14,264.0,278.2,253.6,274.0,325720.084
2023-07-15,253.3,264.0,245.6,264.0,172753.554
2023-07-16,249.9,261.3,247.4,253.3,198980.26
2023-07-17,241.9,254.6,236.0,249.9,207007.954
2023-07-18,243.6,248.1,231.5,241.9,233675.865
2023-07-19,244.0,252.0,241.2,243.6,120416.235
2023-07-20,244.0,255.3,240.2,244.0,124497.663
2023-07-21,246.1,248.3,241.5,244.0,66221.001
2023-07-22,239.4,247.8,237.2,246.1,57879.993
2023-07-23,249.5,255.7,238.2,239.3,124084.943
2023-07-24,238.4,253.9,235.8,249.5,111892.757
2023-07-25,237.1,239.7,232.0,238.5,75736.758
2023-07-26,242.2,244.7,233.7,237.1,100177.318
2023-07-27,245.2,249.7,240.9,242.2,90392.155
2023-07-28,241.2,245.5,241.1,245.3,32584.434
2023-07-29,241.8,242.5,238.2,241.2,36370.198
2023-07-30,253.0,256.3,241.1,241.9,174533.317
2023-07-31,247.9,259.4,247.2,253.1,147768.882
2023-08-01,245.1,248.9,238.7,247.9,113455.653
2023-08-02,229.1,247.4,220.7,245.0,199778.708
2023-08-03,225.2,231.7,222.7,229.1,95401.706
2023-08-04,227.7,230.1,220.7,225.2,95260.812
2023-08-05,226.7,229.0,223.2,227.7,64492.181
2023-08-06,223.1,228.6,221.5,226.7,54562.274
2023-08-07,237.7,245.4,216.7,223.1,634275.11
2023-08-08,238.4,249.6,234.9,237.8,365898.779
2023-08-09,238.7,239.7,233.7,238.4,141822.198
2023-08-10,231.9,240.6,230.3,238.8,201215.144
2023-08-11,229.1,233.0,227.2,231.9,102086.482
2023-08-12,228.7,231.0,227.4,229.0,40224.077
2023-08-13,228.4,231.2,225.0,228.7,54576.186
2023-08-14,230.2,231.3,225.6,228.4,50608.405
2023-08-15,228.9,237.3,225.7,230.1,228794.828
2023-08-16,208.2,231.3,201.0,228.8,227813.161
2023-08-17,184.2,211.4,165.4,208.2,323267.821
2023-08-18,187.5,192.0,178.6,184.2,185828.928
2023-08-19,187.1,192.1,184.3,187.4,117199.248
2023-08-20,188.9,190.7,186.6,187.2,76291.836
2023-08-21,185.7,199.2,180.6,188.9,100809.243
2023-08-22,184.9,188.3,176.7,185.8,74586.661
2023-08-23,193.8,197.0,184.7,185.1,108545.338
2023-08-24,194.2,195.2,188.7,193.8,77314.998
2023-08-25,192.1,194.8,188.4,194.1,78762.277
2023-08-26,190.1,192.4,188.9,192.0,24752.662
2023-08-27,197.8,201.9,190.0,190.1,69886.295
2023-08-28,190.7,198.0,187.2,197.8,75096.937
2023-08-29,225.2,228.4,189.0,190.6,314215.08
2023-08-30,215.9,225.9,211.3,225.3,168554.106
2023-08-31,207.6,223.0,203.1,216.0,196869.487
2023-09-01,199.6,211.1,197.7,207.6,113364.157
2023-09-02,195.0,201.8,190.8,199.6,82618.204
2023-09-03,196.1,198.2,191.2,195.0,62087.245
2023-09-04,193.9,199.1,189.8,196.2,92638.647
2023-09-05,192.1,195.2,189.4,193.8,64258.26
2023-09-06,193.1,195.8,189.5,192.0,57399.186
2023-09-07,193.6,194.5,189.9,193.1,70621.142
2023-09-08,193.1,197.1,190.6,193.6,101658.822
2023-09-09,193.1,196.4,191.0,193.2,45203.143
2023-09-10,190.3,193.1,182.0,193.0,76889.394
2023-09-11,184.2,191.8,180.5,190.4,112676.341
2023-09-12,198.5,210.7,184.0,184.3,257812.89
2023-09-13,199.6,204.5,195.8,198.4,154766.634
2023-09-14,207.8,210.6,198.5,199.6,174611.16
2023-09-15,217.2,225.8,206.1,207.9,245876.817
2023-09-16,214.6,223.9,212.7,217.1,116619.659
2023-09-17,209.9,214.9,205.1,214.6,105720.441
2023-09-18,217.3,225.7,207.4,210.0,189941.395
2023-09-19,218.7,222.5,214.5,217.3,100740.144
2023-09-20,215.4,221.0,211.5,218.7,133808.869
2023-09-21,208.5,215.7,205.7,215.5,101970.743
2023-09-22,207.8,210.2,204.2,208.6,69681.963
2023-09-23,208.2,209.7,206.6,207.8,40415.183
2023-09-24,204.7,210.0,202.8,208.2,48724.087
2023-09-25,210.5,213.7,201.8,204.7,77227.075
2023-09-26,214.6,216.0,209.5,210.5,108582.482
2023-09-27,229.4,236.7,213.4,214.7,246673.152
2023-09-28,238.7,245.8,227.9,229.3,269639.013
2023-09-29,235.0,241.4,229.1,238.7,143794.198
2023-09-30,233.9,239.9,231.9,235.0,82412.878
2023-10-01,242.3,245.3,232.8,233.9,108512.943
2023-10-02,246.3,256.5,240.5,242.4,263100.247
2023-10-03,230.3,251.5,227.8,246.3,195755.374
2023-10-04,233.1,234.2,223.6,230.2,88354.197
2023-10-05,230.9,234.9,225.5,233.1,82627.435
2023-10-06,230.8,234.0,226.1,231.0,57289.916
2023-10-07,230.2,236.4,228.4,230.9,58115.355
2023-10-08,227.8,233.1,226.5,230.2,41168.992
2023-10-09,218.4,229.1,210.6,227.8,92214.886
2023-10-10,212.2,220.4,210.3,218.5,87818.448
2023-10-11,214.1,217.1,206.3,212.2,87609.575
2023-10-12,214.0,217.5,207.5,214.0,73624.828
2023-10-13,217.2,218.9,211.9,214.1,82605.26
2023-10-14,214.5,218.2,214.3,217.3,23391.75
2023-10-15,215.1,216.7,212.8,214.5,29138.279
2023-10-16,230.8,249.7,214.8,215.2,269226.067
2023-10-17,226.4,232.5,223.6,230.8,104566.107
2023-10-18,226.8,232.9,224.6,226.3,113316.715
2023-10-19,227.3,235.3,224.8,226.8,81905.784
2023-10-20,240.4,249.9,226.1,227.3,158204.575
2023-10-21,244.0,246.6,237.8,240.4,96104.265
2023-10-22,243.4,254.7,237.1,244.1,139159.29
2023-10-23,262.0,264.8,240.3,243.4,214037.566
2023-10-24,251.9,269.9,245.5,262.0,192549.224
2023-10-25,254.2,259.8,248.2,251.9,99341.491
2023-10-26,247.3,257.0,240.3,254.2,99382.2
2023-10-27,239.3,247.6,232.8,247.3,73954.685
2023-10-28,245.0,247.9,238.8,239.2,92960.818
2023-10-29,246.1,249.8,242.3,244.9,55762.805
2023-10-30,245.8,250.9,241.2,246.0,64211.538
2023-10-31,244.9,249.0,235.8,245.9,96173.646
2023-11-01,245.3,247.3,236.5,244.9,90863.418
2023-11-02,235.5,249.5,230.4,245.2,111134.641
2023-11-03,237.6,241.0,231.1,235.5,86161.05
2023-11-04,240.4,240.7,235.7,237.4,31159.012
2023-11-05,237.5,243.1,233.3,240.5,70650.137
2023-11-06,242.8,244.9,235.5,237.7,56406.544
2023-11-07,243.9,251.9,237.2,242.9,128431.431
2023-11-08,245.5,247.4,241.7,243.8,54141.061
2023-11-09,240.1,257.8,212.0,245.4,225713.45
2023-11-10,239.7,242.8,233.5,240.2,116981.354
2023-11-11,236.7,241.7,232.3,239.8,86120.727
2023-11-12,236.6,239.5,230.2,236.6,52434.364
2023-11-13,234.0,240.4,231.9,236.6,122764.008
2023-11-14,232.0,238.9,220.5,233.9,87054.484
2023-11-15,237.8,238.2,230.1,232.0,58741.236
2023-11-16,234.0,245.0,230.3,237.9,111489.399
2023-11-17,229.7,234.8,221.4,233.9,91590.327
2023-11-18,227.3,229.8,220.8,229.8,35985.711
2023-11-19,230.1,231.0,224.0,227.3,33559.191
2023-11-20,226.2,230.5,224.5,230.1,43383.838
2023-11-21,216.4,236.3,212.7,226.2,154187.987
2023-11-22,223.8,224.7,215.4,216.3,71131.828
2023-11-23,225.1,227.6,221.9,223.8,43231.356
2023-11-24,226.4,230.2,224.4,225.2,51461.469
2023-11-25,227.6,228.3,225.5,226.5,21887.642
2023-11-26,226.8,229.8,221.8,227.6,36711.685
2023-11-27,223.2,229.7,219.3,226.8,88941.72
2023-11-28,223.3,224.9,219.5,223.3,41325.253
2023-11-29,223.2,227.2,221.0,223.3,38927.198
2023-11-30,221.4,223.5,220.1,223.3,22303.877
2023-12-01,225.1,226.4,220.6,221.4,26586.403
2023-12-02,228.2,228.6,224.8,225.1,38715.046
2023-12-03,230.0,233.3,223.8,228.3,68569.404
2023-12-04,252.3,256.3,229.0,230.1,324819.815
2023-12-05,250.9,253.1,238.4,252.3,137206.9
2023-12-06,244.6,265.3,242.8,251.0,208471.822
2023-12-07,246.9,249.3,239.2,244.6,86344.827
2023-12-08,253.5,254.6,245.3,246.9,73675.57
2023-12-09,252.7,263.0,250.2,253.6,110203.83
2023-12-10,251.1,255.3,244.3,252.7,48141.551
2023-12-11,230.5,251.7,210.1,251.1,138972.545
2023-12-12,231.8,235.1,226.9,230.5,52552.454
2023-12-13,235.3,237.2,222.9,231.9,68695.59
2023-12-14,237.3,237.9,226.3,235.4,75947.533
2023-12-15,227.1,237.4,224.9,237.2,50604.886
2023-12-16,229.8,232.2,224.7,227.1,30972.316
2023-12-17,225.9,230.6,225.0,229.8,31205.928
2023-12-18,228.1,228.3,217.2,226.0,59987.079
2023-12-19,225.2,231.0,222.6,228.2,46284.005
2023-12-20,229.5,234.7,223.7,225.2,107793.86
2023-12-21,233.0,234.5,228.6,229.5,38331.684
2023-12-22,238.2,244.2,231.4,233.1,112091.995
2023-12-23,232.7,238.6,230.0,238.2,74175.248
2023-12-24,228.9,233.9,225.2,232.8,60413.343
2023-12-25,234.8,237.5,228.1,229.0,63107.223
2023-12-26,229.3,235.1,220.0,234.9,114311.221
2023-12-27,264.1,265.5,226.3,229.2,361613.654
2023-12-28,261.5,278.8,257.4,264.2,344643.078
2023-12-29,254.1,269.4,249.1,261.6,221162.311
2023-12-30,270.5,288.0,253.8,254.0,309545.699
2023-12-31,259.7,272.2,252.0,270.5,119553.935
2024-01-01,267.8,269.9,255.6,259.7,99997.894
2024-01-02,257.1,271.1,254.1,267.8,119838.559
2024-01-03,234.0,268.0,211.3,257.1,214279.411
2024-01-04,239.5,240.3,232.1,234.0,75102.078
2024-01-05,239.3,242.7,228.8,239.6,95347.423
2024-01-06,236.1,243.5,230.8,239.2,69369.673
2024-01-07,232.5,240.0,229.7,236.1,59334.144
2024-01-08,253.9,256.0,221.0,232.5,177168.555
2024-01-09,244.8,257.6,239.4,254.0,146402.993
2024-01-10,254.7,260.2,233.0,244.7,123823.464
2024-01-11,276.1,289.4,250.4,254.8,291913.79
2024-01-12,259.3,298.6,250.1,276.1,322116.121
2024-01-13,254.1,262.5,250.8,259.3,133675.524
2024-01-14,245.7,259.1,245.1,254.1,81778.381
2024-01-15,250.2,257.8,245.1,245.7,68857.593
2024-01-16,251.2,256.3,248.9,250.2,65919.31
2024-01-17,244.2,251.5,240.7,251.2,108380.047
2024-01-18,237.7,245.1,233.2,244.2,71104.092
2024-01-19,236.8,238.2,226.5,237.7,76209.816
2024-01-20,239.1,240.0,235.0,236.8,27061.285
2024-01-21,236.9,243.1,236.5,239.0,31640.023
2024-01-22,235.7,242.8,230.3,236.9,135875.313
2024-01-23,229.6,238.0,219.1,235.7,112117.565
2024-01-24,236.3,238.4,228.5,229.6,70102.531
2024-01-25,236.6,238.7,234.4,236.2,45885.676
2024-01-26,241.8,243.0,234.5,236.6,38870.822
2024-01-27,243.7,245.2,239.2,241.8,42733.632
2024-01-28,236.9,245.9,234.8,243.7,40037.91
2024-01-29,241.3,242.0,234.1,236.9,47720.556
2024-01-30,237.4,243.8,236.3,241.3,40063.404
2024-01-31,234.3,239.0,232.5,237.5,70257.706
2024-02-01,236.6,237.4,230.4,234.2,40860.138
2024-02-02,236.3,238.0,234.4,236.8,22391.865
2024-02-03,241.0,242.2,236.1,236.3,38262.955
2024-02-04,235.2,244.4,232.7,241.0,71465.645
2024-02-05,235.8,238.0,233.9,235.2,37484.432
2024-02-06,235.2,238.4,234.3,235.8,53932.232
2024-02-07,240.6,241.0,234.6,235.1,29816.611
2024-02-08,244.6,245.0,240.3,240.7,43776.723
2024-02-09,250.3,254.0,244.6,244.6,71398.511
2024-02-10,247.8,251.8,243.0,250.3,33287.289
2024-02-11,277.6,283.8,246.7,247.8,430299.996
2024-02-12,280.5,289.8,266.5,277.7,267529.304
2024-02-13,270.4,287.6,266.5,280.5,122646.429
2024-02-14,280.7,295.8,264.6,270.4,247560.019
2024-02-15,270.4,282.6,265.9,280.7,233683.38
2024-02-16,274.2,275.2,265.2,270.3,198667.215
2024-02-17,267.3,274.3,258.4,274.2,83607.423
2024-02-18,270.6,271.9,264.8,267.3,37506.658
2024-02-19,273.1,273.7,266.7,270.5,62070.974
2024-02-20,265.2,274.1,256.0,273.2,122246.646
2024-02-21,263.1,267.1,255.2,265.3,64106.107
2024-02-22,260.4,267.4,259.0,263.0,51094.497
2024-02-23,264.7,267.1,259.4,260.3,53742.343
2024-02-24,267.7,270.6,262.8,264.7,37881.143
2024-02-25,267.9,270.9,265.5,267.7,42202.093
2024-02-26,274.7,276.8,262.2,267.9,79611.431
2024-02-27,292.8,314.0,274.4,274.7,472705.312
2024-02-28,296.4,313.8,278.6,292.8,307986.359
2024-02-29,297.6,323.5,291.0,296.4,357337.47
2024-03-01,316.3,319.8,296.8,297.7,170705.249
2024-03-02,501.1,506.4,315.5,316.3,1102649.19
2024-03-03,470.5,529.2,455.2,501.2,641629.384
2024-03-04,473.5,479.0,433.2,470.4,485575.614
2024-03-05,401.0,481.9,340.0,473.4,431605.458
2024-03-06,415.8,421.6,383.4,400.9,209890.51
2024-03-07,432.1,439.5,397.6,415.7,187382.546
2024-03-08,436.5,446.5,400.0,432.0,194407.486
2024-03-09,432.2,458.4,424.7,436.6,155696.291
2024-03-10,423.4,446.4,411.8,432.1,146516.648
2024-03-11,448.4,456.0,401.1,423.3,232768.146
2024-03-12,435.0,448.5,409.7,448.4,270855.788
2024-03-13,442.5,455.3,423.8,435.0,231275.949
2024-03-14,440.5,474.4,416.1,442.4,372276.878
2024-03-15,416.7,445.0,383.0,440.5,193041.267
2024-03-16,388.6,421.5,381.6,416.7,122231.602
2024-03-17,402.6,407.8,369.0,388.5,125845.582
2024-03-18,401.0,411.7,383.4,402.5,113797.978
2024-03-19,358.8,411.9,351.0,401.3,203229.273
2024-03-20,410.0,412.6,348.0,358.7,193584.598
2024-03-21,414.4,436.5,403.9,409.9,197366.156
2024-03-22,431.4,433.5,391.5,414.5,195896.538
2024-03-23,455.9,475.9,419.6,431.5,311308.987
2024-03-24,485.1,500.0,444.9,455.9,284452.212
2024-03-25,487.4,507.1,472.9,485.1,313321.647
2024-03-26,479.3,495.0,467.8,487.3,158989.486
2024-03-27,539.1,553.6,478.2,479.4,508240.321
2024-03-28,567.4,586.9,527.4,539.0,351119.576
2024-03-29,620.6,640.0,553.1,567.4,403682.722
2024-03-30,597.6,624.2,590.3,620.7,137919.778
2024-03-31,678.7,693.0,586.0,597.7,272976.627
2024-04-01,647.6,705.0,617.4,678.8,432766.705
2024-04-02,639.0,649.9,587.0,647.8,334867.063
2024-04-03,592.8,644.0,561.7,639.2,352889.583
2024-04-04,665.4,683.8,591.3,592.8,558864.969
2024-04-05,657.3,719.5,645.0,665.5,521720.668
2024-04-06,693.9,716.9,656.7,657.5,527039.099
2024-04-07,684.8,710.1,674.7,693.9,166595.478
2024-04-08,681.4,712.9,678.0,684.9,203752.839
2024-04-09,671.8,695.8,656.0,681.4,244522.655
2024-04-10,629.2,673.8,594.7,671.8,303286.498
2024-04-11,614.2,629.4,599.7,629.3,97400.254
2024-04-12,533.2,618.9,487.8,614.2,277284.701
2024-04-13,479.6,551.7,443.0,533.4,310810.007
2024-04-14,525.7,530.9,453.5,479.6,226882.955
2024-04-15,508.3,568.2,490.9,525.6,234628.342
2024-04-16,486.9,510.5,462.5,508.3,199190.727
2024-04-17,463.9,490.7,446.9,486.8,127098.091
2024-04-18,483.0,488.9,453.2,463.7,84325.23
2024-04-19,476.8,492.4,444.3,483.1,121845.411
2024-04-20,515.4,522.5,470.7,476.7,97746.418
2024-04-21,502.2,518.3,493.2,515.3,54528.182
2024-04-22,522.7,528.0,496.2,502.2,60480.944
2024-04-23,505.0,523.4,501.7,522.7,57725.747
2024-04-24,479.4,511.9,474.0,505.0,82120.511
2024-04-25,478.1,486.0,466.8,479.6,69775.358
2024-04-26,482.4,493.5,466.6,478.1,47250.073
2024-04-27,477.1,486.1,462.0,482.7,50248.3
2024-04-28,470.5,488.0,468.2,477.0,30354.967
2024-04-29,465.1,474.5,447.0,470.8,56862.53
2024-04-30,434.1,470.4,420.6,465.2,115595.853
2024-05-01,424.8,436.0,400.0,434.1,123445.69
2024-05-02,429.0,434.7,410.7,424.7,50861.942
2024-05-03,452.6,458.6,425.7,429.1,61238.56
2024-05-04,462.8,480.5,451.9,452.7,64901.955
2024-05-05,469.0,473.1,455.7,463.0,29910.846
2024-05-06,473.1,484.3,462.9,469.1,59984.362
2024-05-07,470.9,494.6,466.2,473.1,77311.278
2024-05-08,448.2,473.7,444.7,470.8,73563.781
2024-05-09,454.8,458.8,442.0,448.1,42676.019
2024-05-10,426.6,456.9,421.3,454.7,57408.003
2024-05-11,429.5,435.8,425.2,426.6,38817.664
2024-05-12,433.0,438.7,427.5,429.5,16312.883
2024-05-13,437.5,448.2,421.5,433.1,48725.138
2024-05-14,429.1,439.5,426.0,437.5,40060.733
2024-05-15,463.7,467.1,423.8,429.1,60865.846
2024-05-16,444.8,465.9,442.4,463.6,36934.91
2024-05-17,466.5,478.5,442.3,444.8,93051.632
2024-05-18,475.4,492.1,464.3,466.6,73575.835
2024-05-19,484.9,497.1,473.0,475.3,86821.512
2024-05-20,517.9,518.6,476.1,485.0,117801.398
2024-05-21,515.0,530.1,510.0,517.9,142481.672
2024-05-22,499.0,515.9,495.1,515.0,73263.527
2024-05-23,491.2,516.4,472.4,499.1,87911.551
2024-05-24,494.9,500.1,480.0,491.2,54448.921
2024-05-25,493.6,501.9,490.9,495.0,37974.681
2024-05-26,484.0,494.4,480.7,493.6,41700.753
2024-05-27,489.6,503.7,481.3,484.1,35570.357
2024-05-28,470.4,489.6,461.2,489.5,80456.843
2024-05-29,465.8,475.3,462.7,470.4,41494.844
2024-05-30,465.1,474.9,459.4,465.7,33226.043
2024-05-31,454.8,469.3,447.6,465.0,36233.256
2024-06-01,463.5,466.4,454.3,454.9,15542.057
2024-06-02,458.3,465.3,452.9,463.6,22551.466
2024-06-03,464.9,471.8,454.4,458.4,36878.02
2024-06-04,477.0,479.9,459.6,465.0,49625.885
2024-06-05,495.2,497.9,476.4,477.1,47356.332
2024-06-06,496.1,502.4,485.8,495.1,56909.874
2024-06-07,477.6,520.9,458.8,496.2,112336.718
2024-06-08,469.5,484.9,465.4,477.6,47932.315
2024-06-09,474.6,476.0,465.0,469.5,19116.672
2024-06-10,469.1,474.9,461.2,474.6,29413.715
2024-06-11,446.2,469.6,434.2,469.1,64910.15
2024-06-12,454.2,466.7,438.9,446.2,54702.676
2024-06-13,431.7,456.1,430.0,454.2,58576.407
2024-06-14,422.9,441.4,406.1,431.8,58451.656
2024-06-15,430.1,432.7,422.4,422.9,26177.131
2024-06-16,428.4,434.0,426.6,430.1,22347.059
2024-06-17,419.7,430.0,403.7,428.5,54034.759
2024-06-18,389.2,421.5,372.2,419.6,112632.025
2024-06-19,388.9,398.4,385.3,389.3,35558.051
2024-06-20,389.8,400.8,385.3,389.0,40354.251
2024-06-21,383.0,397.6,377.0,389.9,46883.277
2024-06-22,392.1,410.1,379.7,383.2,26928.599
2024-06-23,381.1,396.6,378.4,392.0,26081.115
2024-06-24,363.8,384.3,343.9,381.0,94725.959
2024-06-25,388.6,396.7,363.7,364.0,76738.731
2024-06-26,374.0,397.2,373.5,388.8,52720.322
2024-06-27,389.0,395.5,369.9,373.9,46924.314
2024-06-28,386.0,407.0,384.0,389.0,67553.476
2024-06-29,380.9,390.2,379.1,386.1,22719.815
2024-06-30,394.0,397.5,378.6,380.9,20405.184
2024-07-01,384.6,398.6,382.1,394.0,26682.023
2024-07-02,382.1,394.2,378.4,384.5,23202.276
2024-07-03,373.2,382.8,368.3,382.1,30944.581
2024-07-04,331.4,374.5,330.3,373.2,91812.673
2024-07-05,325.5,331.8,288.4,331.5,157825.595
2024-07-06,342.9,344.0,319.8,325.5,42575.469
2024-07-07,312.7,343.1,310.5,343.1,35767.798
2024-07-08,333.5,338.1,298.9,312.7,64121.59
2024-07-09,331.1,340.8,328.4,333.5,30953.188
2024-07-10,340.3,346.6,326.7,331.1,39873.019
2024-07-11,347.1,368.9,335.7,340.3,67116.21
2024-07-12,368.9,370.0,340.5,347.1,38731.96
2024-07-13,375.6,380.0,368.9,368.9,56019.085
2024-07-14,376.6,387.9,363.9,375.7,52861.191
2024-07-15,400.2,401.5,375.6,376.5,52218.022
2024-07-16,387.1,405.3,369.5,400.2,86994.926
2024-07-17,375.1,400.6,371.5,387.1,74347.203
2024-07-18,382.8,386.5,369.4,375.3,51126.184
2024-07-19,391.4,400.3,369.8,382.8,60095.154
2024-07-20,395.5,398.9,385.6,391.5,27968.6
2024-07-21,401.3,401.5,378.1,395.4,40563.724
2024-07-22,385.9,404.6,382.8,401.3,45420.815
2024-07-23,366.5,392.8,360.7,385.9,76251.474
2024-07-24,362.4,374.8,359.1,366.4,40900.33
2024-07-25,361.4,365.2,346.7,362.4,67584.522
2024-07-26,377.3,379.0,361.1,361.4,34611.408
2024-07-27,392.4,398.2,376.7,377.3,58201.825
2024-07-28,416.8,423.6,388.9,392.5,96659.636
2024-07-29,439.0,459.2,413.8,416.8,144369.021
2024-07-30,432.4,446.7,428.0,439.0,98813.806
2024-07-31,413.9,441.4,411.3,432.5,69143.858
2024-08-01,413.3,423.5,389.8,413.9,66496.798
2024-08-02,381.6,417.5,379.5,413.2,65059.105
2024-08-03,364.4,386.1,354.7,381.5,63097.818
2024-08-04,332.5,367.4,331.0,364.4,99325.458
2024-08-05,309.9,335.7,272.7,332.5,309239.202
2024-08-06,315.0,330.2,307.2,309.9,119116.007
2024-08-07,312.4,327.8,308.8,315.0,63735.526
2024-08-08,353.1,372.2,308.2,312.5,114887.392
2024-08-09,347.6,357.9,336.1,353.1,93404.989
2024-08-10,354.9,359.0,345.4,347.6,34079.0
2024-08-11,330.2,358.6,327.4,354.9,25718.954
2024-08-12,354.9,360.1,328.8,330.2,82969.97
2024-08-13,351.7,365.4,343.5,354.8,63188.202
2024-08-14,337.7,352.6,334.8,351.6,44204.927
2024-08-15,334.3,344.3,327.4,337.7,46218.338
2024-08-16,338.2,346.8,328.1,334.3,86342.629
2024-08-17,341.3,348.0,335.7,337.9,31169.227
2024-08-18,333.1,345.5,332.9,341.2,24835.24
2024-08-19,338.0,339.7,330.4,333.2,23449.473
2024-08-20,335.2,346.8,331.3,337.9,51804.157
2024-08-21,349.4,355.5,333.1,335.2,75647.098
2024-08-22,346.8,352.2,342.0,349.4,28477.576
2024-08-23,365.1,369.0,346.4,346.7,47960.348
2024-08-24,363.6,369.2,357.4,365.2,36840.788
2024-08-25,356.3,364.9,350.0,363.7,45767.255
2024-08-26,342.3,358.1,339.4,356.3,69526.523
2024-08-27,324.2,347.2,314.8,342.4,45055.641
2024-08-28,322.1,330.7,314.2,324.1,47247.718
2024-08-29,322.5,331.0,317.1,322.0,25674.625
2024-08-30,324.9,327.2,314.8,322.5,26233.689
2024-08-31,322.4,326.8,319.9,324.9,9991.838
2024-09-01,312.7,322.8,310.4,322.3,18767.351
2024-09-02,323.7,325.9,310.6,312.6,31088.343
2024-09-03,308.9,326.3,308.5,323.7,62875.806
2024-09-04,315.2,319.5,296.0,308.8,44742.701
2024-09-05,307.6,317.0,303.4,315.1,24052.7
2024-09-06,295.0,312.8,286.0,307.7,51998.992
2024-09-07,299.4,308.3,293.2,294.9,24333.15
2024-09-08,305.4,308.3,298.7,299.4,19916.176
2024-09-09,322.2,325.9,304.8,305.3,35098.296
2024-09-10,329.5,332.0,318.1,322.3,34693.242
2024-09-11,337.6,343.9,319.7,329.5,46519.441
2024-09-12,333.0,341.0,330.0,337.5,37359.979
2024-09-13,335.5,337.8,326.9,332.9,28798.904
2024-09-14,327.0,337.8,325.3,335.7,18588.306
2024-09-15,316.4,329.2,313.9,327.0,26702.408
2024-09-16,311.8,317.3,308.9,316.4,31470.281
2024-09-17,314.3,321.6,309.3,311.8,26210.359
2024-09-18,327.0,328.1,306.2,314.3,40596.043
2024-09-19,340.0,349.8,326.3,327.0,109539.269
2024-09-20,335.8,345.5,332.4,340.0,50785.321
2024-09-21,345.5,346.8,331.0,335.8,26013.128
2024-09-22,342.6,347.3,333.9,345.5,23322.229
2024-09-23,342.0,349.3,335.9,342.7,35302.721
2024-09-24,348.0,351.8,336.9,341.9,50996.116
2024-09-25,343.5,355.7,341.3,348.1,44952.297
2024-09-26,351.8,358.3,338.9,343.6,47980.221
2024-09-27,358.8,364.6,351.7,351.8,56981.37
2024-09-28,352.3,361.1,345.8,358.8,40850.287
2024-09-29,352.6,358.2,345.6,352.4,35946.43
2024-09-30,337.2,353.8,334.5,352.6,41371.641
2024-10-01,317.8,347.6,310.8,337.3,67265.845
2024-10-02,316.1,324.5,309.1,317.8,41890.943
2024-10-03,320.3,323.9,307.8,316.1,45637.24
2024-10-04,324.8,326.1,318.1,320.4,34666.103
2024-10-05,321.8,325.6,318.2,324.9,17626.623
2024-10-06,324.6,325.9,320.9,321.9,13598.935
2024-10-07,323.7,333.3,320.1,324.6,61609.359
2024-10-08,329.1,333.8,321.7,323.7,38980.417
2024-10-09,320.6,330.6,317.9,329.2,26568.695
2024-10-10,323.0,325.8,317.2,320.6,28703.27
2024-10-11,327.0,329.1,321.9,323.0,21959.354
2024-10-12,329.2,333.5,324.8,327.0,18798.086
2024-10-13,321.3,329.9,317.3,329.2,20785.631
2024-10-14,369.6,370.7,318.9,321.4,117572.278
2024-10-15,354.7,386.8,344.6,369.6,153079.095
2024-10-16,365.6,371.5,351.3,354.7,108696.072
2024-10-17,369.7,375.8,360.4,365.5,74433.261
2024-10-18,367.3,377.5,362.8,369.9,62474.544
2024-10-19,363.3,369.0,361.4,367.2,25484.622
2024-10-20,369.9,371.6,357.3,363.3,45282.15
2024-10-21,363.6,379.0,358.9,369.8,55252.243
2024-10-22,357.3,366.6,354.1,363.7,33845.393
2024-10-23,348.1,357.7,338.6,357.4,37884.76
2024-10-24,367.9,371.5,346.6,348.1,86440.166
2024-10-25,349.1,374.3,339.2,368.0,84956.023
2024-10-26,348.0,357.2,346.0,349.0,23066.772
2024-10-27,352.2,354.7,347.0,348.1,19246.264
2024-10-28,365.3,368.4,344.0,352.2,48891.891
2024-10-29,386.1,389.4,363.7,365.4,99948.875
2024-10-30,368.9,387.8,365.7,386.1,93514.486
2024-10-31,358.9,378.3,349.8,368.9,117379.024
2024-11-01,349.6,360.2,343.5,358.8,49669.874
2024-11-02,353.7,357.6,341.3,349.5,41864.411
2024-11-03,340.1,354.3,333.8,353.7,58550.997
2024-11-04,329.2,342.7,322.0,340.0,64677.331
2024-11-05,342.9,345.4,326.5,329.2,48597.015
2024-11-06,378.4,384.4,342.6,343.0,157446.699
2024-11-07,377.5,386.9,370.5,378.4,69185.692
2024-11-08,377.0,383.8,364.3,377.5,79484.476
2024-11-09,405.0,407.3,369.5,377.0,107552.684
2024-11-10,441.3,454.4,394.8,404.9,266010.597
2024-11-11,472.6,482.6,422.3,441.3,206008.655
2024-11-12,432.3,474.4,418.1,472.7,236775.383
2024-11-13,439.4,450.7,403.2,432.3,216594.094
2024-11-14,415.0,445.9,410.0,439.6,135347.986
2024-11-15,431.6,436.7,410.0,415.0,90753.293
2024-11-16,461.7,483.5,428.4,431.5,169316.704
2024-11-17,433.1,488.7,424.5,461.8,173129.957
2024-11-18,452.5,471.5,430.2,433.1,115691.606
2024-11-19,446.8,460.3,438.1,452.5,93371.82
2024-11-20,439.9,454.6,428.7,446.7,71308.954
2024-11-21,484.4,536.2,428.6,440.1,465856.503
2024-11-22,490.5,503.1,472.1,484.4,167475.843
2024-11-23,510.1,568.5,485.9,490.4,350436.88
2024-11-24,515.2,527.8,477.7,510.1,178534.661
2024-11-25,491.9,532.9,483.2,515.3,175587.534
2024-11-26,492.2,505.1,471.0,491.7,105105.978
2024-11-27,517.4,524.3,484.8,492.2,140364.665
2024-11-28,511.1,525.0,497.5,517.4,114526.217
2024-11-29,518.3,522.9,499.6,511.1,82876.697
2024-11-30,525.9,540.0,505.0,518.4,136173.692
2024-12-01,532.0,538.2,509.9,526.1,121566.902
2024-12-02,538.3,562.0,494.7,532.1,345917.604
2024-12-03,585.6,591.7,511.5,538.3,325737.133
2024-12-04,583.7,601.9,541.3,585.6,301050.337
2024-12-05,588.6,634.7,550.0,583.7,347262.495
2024-12-06,618.6,640.0,579.8,588.5,211193.935
2024-12-07,607.6,626.7,604.3,618.7,110729.61
2024-12-08,622.3,625.1,601.0,607.6,111609.534
2024-12-09,551.5,623.8,514.4,622.3,233104.499
2024-12-10,516.2,564.4,485.2,551.6,205080.318
2024-12-11,546.6,550.5,502.7,516.2,110326.96
2024-12-12,540.1,564.2,537.1,546.6,84599.178
2024-12-13,542.5,543.9,525.9,540.1,52272.34
2024-12-14,534.0,551.7,519.8,542.4,51294.246
2024-12-15,546.2,550.4,524.5,534.1,48442.162
2024-12-16,538.1,557.1,522.0,546.3,71069.409
2024-12-17,529.9,547.5,524.1,538.1,64058.713
2024-12-18,480.4,543.5,472.9,530.1,107217.708
2024-12-19,438.7,488.9,421.3,480.3,142735.545
2024-12-20,449.2,451.5,390.5,438.8,162809.987
2024-12-21,456.1,472.9,442.4,449.2,99052.004
2024-12-22,445.8,461.3,434.4,456.0,62012.774
2024-12-23,460.9,466.2,432.4,445.8,72723.234
2024-12-24,470.3,478.8,450.5,460.9,46815.964
2024-12-25,465.4,471.5,455.2,470.2,36949.757
2024-12-26,437.3,468.3,433.0,465.3,35051.619
2024-12-27,441.3,462.7,434.7,437.2,41854.884
2024-12-28,451.6,453.8,438.4,441.2,17568.1
2024-12-29,439.1,453.9,435.3,451.6,20635.72
2024-12-30,444.0,453.4,428.9,439.0,44107.518
2024-12-31,434.5,455.5,433.1,444.1,41352.763
2025-01-01,450.5,455.8,430.5,434.5,44553.896
2025-01-02,461.7,466.6,450.5,450.5,39016.455
2025-01-03,473.9,477.5,455.6,461.7,37519.247
2025-01-04,478.9,483.1,468.7,473.8,53145.46
2025-01-05,470.9,479.8,462.5,478.9,23617.335
2025-01-06,483.0,485.9,464.6,471.1,41803.503
2025-01-07,436.9,486.3,435.4,482.9,72470.773
2025-01-08,434.4,442.2,418.2,437.0,53854.644
2025-01-09,421.9,437.2,411.3,434.3,38248.776
2025-01-10,450.1,450.7,420.5,421.9,68266.424
2025-01-11,441.0,451.2,435.9,450.4,20797.216
2025-01-12,447.9,464.0,436.4,440.9,53073.334
2025-01-13,428.0,454.2,400.5,448.0,61397.623
2025-01-14,437.9,441.5,426.3,428.0,32409.139
2025-01-15,460.3,463.5,431.0,437.9,51042.809
2025-01-16,461.7,471.5,446.4,460.3,89200.329
2025-01-17,489.4,500.6,461.7,461.7,87609.281
2025-01-18,466.4,495.0,458.2,489.5,91366.892
2025-01-19,427.7,471.3,418.9,466.4,105200.665
2025-01-20,430.9,483.8,415.4,427.7,138831.122
2025-01-21,446.5,454.7,419.7,430.9,51102.622
2025-01-22,435.4,451.4,433.4,446.5,27376.852
2025-01-23,437.3,447.5,425.2,435.4,49328.636
2025-01-24,432.0,443.1,426.4,437.4,39003.015
2025-01-25,445.4,455.4,430.5,432.1,42792.866
2025-01-26,425.2,448.1,424.6,445.4,21499.955
2025-01-27,427.6,429.0,396.1,425.2,71845.878
2025-01-28,410.5,431.7,406.7,427.6,23060.808
2025-01-29,415.0,421.8,404.3,410.5,29165.449
2025-01-30,434.7,439.2,412.6,415.1,40066.393
2025-01-31,424.2,445.3,419.8,434.8,55827.366
2025-02-01,404.0,431.5,400.0,424.3,40112.879
2025-02-02,360.4,410.4,341.5,404.0,121215.183
2025-02-03,353.2,360.6,270.0,360.6,347965.553
2025-02-04,329.7,355.7,321.1,353.2,84013.259
2025-02-05,328.0,338.3,323.2,329.8,46120.867
2025-02-06,316.2,335.2,313.7,328.1,40946.188
2025-02-07,318.6,335.2,308.4,316.2,45116.082
2025-02-08,323.1,324.3,314.7,318.6,17735.813
2025-02-09,324.5,329.4,312.8,323.2,33479.489
2025-02-10,329.3,334.6,315.4,324.4,35027.459
2025-02-11,331.4,344.4,325.7,329.3,35065.303
2025-02-12,343.1,347.0,321.3,331.3,47326.122
2025-02-13,335.0,345.8,327.4,343.1,29908.421
2025-02-14,341.5,351.0,334.3,335.1,31536.683
2025-02-15,332.9,345.7,331.0,341.5,16957.322
2025-02-16,326.3,335.0,325.6,333.0,15851.079
2025-02-17,323.8,337.0,317.1,326.2,49287.459
2025-02-18,316.3,325.3,307.6,323.9,37198.769
2025-02-19,322.8,324.3,311.8,316.2,27204.96
2025-02-20,325.9,327.2,320.0,322.8,20291.238
2025-02-21,313.8,334.1,309.8,326.0,28051.526
2025-02-22,320.9,322.6,312.6,313.9,18231.037
2025-02-23,327.8,332.4,320.5,321.0,27817.291
2025-02-24,291.5,329.5,287.5,327.9,59585.941
2025-02-25,291.8,296.7,275.2,291.6,85133.301
2025-02-26,294.0,301.4,284.4,291.8,56638.503
2025-02-27,296.8,303.5,290.1,293.9,33568.122
2025-02-28,315.8,320.1,269.8,296.9,117975.321
2025-03-01,311.4,324.4,307.6,315.9,51185.051
2025-03-02,334.2,341.5,309.9,311.5,116420.703
2025-03-03,321.3,357.5,310.9,334.2,230536.197
2025-03-04,320.5,330.2,291.1,321.4,125256.19
2025-03-05,392.2,399.9,319.5,320.6,371605.547
2025-03-06,395.0,420.0,383.7,392.3,198925.873
2025-03-07,389.0,410.5,382.9,395.0,169510.238
2025-03-08,385.9,396.3,376.6,389.0,64530.725
2025-03-09,357.5,387.0,355.9,385.8,74306.294
2025-03-10,331.7,372.8,330.6,357.6,96571.547
2025-03-11,340.2,350.9,316.0,331.8,79397.781
2025-03-12,354.0,361.5,329.8,340.2,99152.327
2025-03-13,325.9,355.8,323.9,353.9,46519.058
2025-03-14,331.4,335.9,325.2,326.0,65046.263
2025-03-15,342.3,353.2,328.0,331.4,210973.457
2025-03-16,332.9,342.5,325.0,342.3,36851.361
2025-03-17,337.5,342.4,331.0,333.0,35104.02
2025-03-18,335.3,343.6,329.2,337.5,35380.791
2025-03-19,345.3,346.8,332.3,335.3,48205.129
2025-03-20,333.8,349.9,330.1,345.3,45100.349
2025-03-21,323.2,335.7,320.1,333.7,40086.343
2025-03-22,322.4,326.3,320.9,323.2,22669.174
2025-03-23,325.4,326.0,320.4,322.3,23856.987
2025-03-24,332.5,336.8,321.5,325.3,39858.979
2025-03-25,336.0,340.0,326.5,332.5,39064.765
2025-03-26,335.1,342.1,328.4,336.1,85556.732
2025-03-27,324.7,340.0,321.1,335.2,49687.401
2025-03-28,307.7,328.4,304.7,324.8,35278.042
2025-03-29,303.3,309.1,298.6,307.7,27689.899
2025-03-30,299.2,308.2,293.8,303.4,24186.933
2025-03-31,303.5,306.1,289.8,299.3,58453.875
2025-04-01,308.1,318.7,302.3,303.5,35726.95
2025-04-02,293.0,317.3,290.2,308.2,73469.756
2025-04-03,301.3,307.8,291.5,293.1,54662.45
2025-04-04,301.4,310.2,294.2,301.4,43123.868
2025-04-05,304.1,304.4,297.1,301.4,15461.303
2025-04-06,272.2,308.3,265.4,304.1,56611.326
2025-04-07,275.4,282.2,249.4,272.3,88888.61
2025-04-08,269.2,284.8,266.9,275.4,38724.576
2025-04-09,301.4,311.5,259.1,269.2,84182.799
2025-04-10,289.8,304.0,282.4,301.3,36769.936
2025-04-11,312.9,316.1,289.5,289.8,78188.394
2025-04-12,344.7,358.9,311.3,312.8,80210.878
2025-04-13,342.8,353.5,336.1,344.7,43455.549
2025-04-14,323.6,375.0,322.9,342.8,89607.553
2025-04-15,319.6,337.6,317.0,323.6,51537.035
2025-04-16,321.6,325.8,314.1,319.6,28670.514
2025-04-17,334.0,340.6,320.9,321.6,47653.836
2025-04-18,335.0,345.0,327.3,334.0,32464.916
2025-04-19,335.4,340.1,332.5,335.1,14217.261
2025-04-20,336.1,342.7,331.5,335.4,27170.606
2025-04-21,345.0,348.2,335.7,336.2,46746.311
2025-04-22,362.3,365.0,336.9,345.1,82331.517
2025-04-23,358.3,364.0,353.6,362.3,61558.221
2025-04-24,356.7,368.7,343.3,358.2,103046.636
2025-04-25,373.1,384.9,348.0,356.8,102987.973
2025-04-26,355.4,377.4,355.0,373.1,54881.373
2025-04-27,345.5,360.1,344.8,355.4,46972.594
2025-04-28,364.1,370.6,341.6,345.6,59935.047
2025-04-29,363.8,378.0,360.6,364.2,72593.636
2025-04-30,366.1,369.7,354.9,363.7,46643.859
2025-05-01,360.8,375.1,360.1,366.1,37888.917
2025-05-02,382.8,387.1,359.1,360.8,76273.509
2025-05-03,362.7,383.6,362.3,382.8,48350.15
2025-05-04,356.2,371.2,352.9,362.7,41601.952
2025-05-05,353.3,361.3,349.2,356.2,25766.821
2025-05-06,374.6,374.8,350.4,353.4,77302.329
2025-05-07,383.5,391.7,355.0,374.7,99412.597
2025-05-08,421.8,430.5,381.0,383.6,156646.916
2025-05-09,413.7,429.6,402.9,421.8,106699.74
2025-05-10,431.2,433.3,409.9,413.7,61314.569
2025-05-11,408.4,432.2,401.9,431.1,52024.634
2025-05-12,410.8,419.8,396.0,408.4,66511.317
2025-05-13,411.2,416.0,391.4,410.8,38880.608
2025-05-14,402.7,414.6,398.6,411.3,32396.364
2025-05-15,396.1,405.1,383.1,402.7,50236.8
2025-05-16,395.9,404.0,392.7,396.1,27132.16
2025-05-17,392.3,401.7,385.8,395.9,30414.328
2025-05-18,406.5,408.1,389.0,392.3,37753.83
2025-05-19,392.7,408.6,375.7,406.5,36738.028
2025-05-20,394.1,398.6,383.9,392.8,21143.562
2025-05-21,407.2,412.3,390.2,394.2,42819.45
2025-05-22,444.4,446.2,407.2,407.2,107258.217
2025-05-23,426.4,462.0,423.9,444.5,102905.575
2025-05-24,421.4,432.5,419.1,426.5,24777.968
2025-05-25,422.7,427.3,407.6,421.5,27101.743
2025-05-26,415.4,428.7,412.9,422.6,25935.841
2025-05-27,414.6,424.3,408.3,415.3,25926.633
2025-05-28,424.8,427.6,404.4,414.7,28637.537
2025-05-29,409.6,428.1,405.4,424.8,31238.374
2025-05-30,398.4,414.6,394.2,409.6,37741.864
2025-05-31,415.0,422.7,388.8,398.5,48950.752
2025-06-01,403.4,415.5,397.0,415.1,20000.137
2025-06-02,403.6,407.2,397.0,403.4,17796.181
2025-06-03,400.7,409.0,399.8,403.6,19108.809
2025-06-04,400.2,410.7,396.8,400.7,16472.876
2025-06-05,385.0,405.0,377.5,400.2,36244.261
2025-06-06,395.6,399.7,380.4,385.2,35734.452
2025-06-07,409.4,411.7,393.7,395.7,38699.571
2025-06-08,410.8,419.7,406.3,409.5,24440.277
2025-06-09,424.9,429.7,410.6,410.9,37221.322
2025-06-10,438.2,443.5,417.8,425.0,86515.816
2025-06-11,428.9,447.2,421.7,438.1,106365.549
2025-06-12,424.0,441.8,423.3,428.8,37375.468
2025-06-13,448.7,454.0,397.7,424.0,91918.58
2025-06-14,430.9,450.2,421.1,448.8,34424.81
2025-06-15,460.4,469.9,431.0,431.0,75780.609
2025-06-16,463.7,476.5,450.0,460.4,84831.992
2025-06-17,462.6,483.2,456.8,463.6,85599.488
2025-06-18,459.7,481.5,456.6,462.7,49330.154
2025-06-19,497.1,505.2,453.1,459.7,136996.729
2025-06-20,473.7,501.0,472.1,497.2,83574.092
2025-06-21,467.3,479.3,457.7,473.7,44332.58
2025-06-22,454.9,470.6,436.9,467.4,162641.385
2025-06-23,462.7,470.0,437.7,454.9,73916.037
2025-06-24,453.8,467.4,448.9,462.7,52913.653
2025-06-25,482.8,494.9,453.5,453.9,123078.933
2025-06-26,489.2,507.3,481.5,482.8,74856.578
2025-06-27,504.8,510.5,484.2,489.1,69937.872
2025-06-28,491.0,505.3,487.0,504.8,33933.251
2025-06-29,504.5,508.9,488.4,491.0,42443.137
2025-06-30,505.7,522.4,488.1,504.5,68960.109
2025-07-01,500.2,530.0,497.3,505.8,95849.299
2025-07-02,510.9,512.2,498.5,500.3,44958.517
2025-07-03,496.4,515.0,490.9,511.0,53299.198
2025-07-04,483.9,496.7,468.8,496.4,50309.419
2025-07-05,489.3,489.7,480.6,484.0,22673.019
2025-07-06,491.5,500.3,482.8,489.4,24353.735
2025-07-07,496.6,500.3,487.5,491.5,26412.364
2025-07-08,501.1,508.4,493.9,496.6,30667.256
2025-07-09,514.5,516.9,499.9,501.2,50698.16
2025-07-10,518.4,521.1,501.3,514.5,67726.536
2025-07-11,531.5,539.4,513.9,518.5,75313.609
2025-07-12,506.3,535.2,502.0,531.5,54446.243
2025-07-13,508.0,514.1,501.0,506.3,53421.991
2025-07-14,504.9,527.2,498.0,508.1,55081.924
2025-07-15,497.9,505.9,481.9,504.9,41908.422
2025-07-16,498.7,508.8,491.1,498.0,44220.24
2025-07-17,500.0,505.1,487.3,498.8,48551.577
2025-07-18,514.5,541.9,499.1,500.0,119750.317
2025-07-19,513.1,522.5,501.8,514.5,46244.337
2025-07-20,548.0,553.5,509.1,513.1,108500.905
2025-07-21,522.6,548.6,516.8,548.0,170042.922
2025-07-22,526.1,535.2,511.4,522.7,69803.008
2025-07-23,512.2,529.8,497.5,526.2,71635.653
2025-07-24,513.0,528.5,490.2,512.2,130810.703
2025-07-25,557.3,565.0,509.3,513.0,171946.478
2025-07-26,559.1,563.3,551.4,557.3,35736.241
2025-07-27,590.0,608.2,555.4,559.0,134446.939
2025-07-28,572.6,607.2,568.9,590.0,116811.607
2025-07-29,564.2,587.1,560.2,572.6,59556.726
2025-07-30,590.1,595.1,551.2,564.2,77233.16
2025-07-31,561.5,597.1,560.3,590.1,62659.315
2025-08-01,536.2,577.3,527.8,561.4,60868.686
2025-08-02,520.2,544.3,517.9,536.2,28246.051
2025-08-03,544.2,548.4,514.5,520.2,22055.577
2025-08-04,574.5,581.9,544.2,544.3,59696.97
2025-08-05,551.8,584.2,541.6,574.4,72354.106
2025-08-06,571.1,573.7,547.5,551.7,35713.657
2025-08-07,582.2,585.4,567.2,571.1,191182.855
2025-08-08,586.0,589.3,572.7,582.2,34369.08
2025-08-09,566.1,592.3,565.1,585.9,37699.87
2025-08-10,570.5,586.8,559.3,566.2,44724.008
2025-08-11,578.5,600.0,569.7,570.4,81323.391
2025-08-12,618.8,626.5,578.2,578.6,108077.277
2025-08-13,616.2,634.3,601.2,618.9,123882.679
2025-08-14,593.2,627.2,578.9,616.3,90929.522
2025-08-15,592.5,602.0,580.1,593.2,33935.026
2025-08-16,587.3,597.8,575.5,592.5,18199.24
2025-08-17,582.0,592.2,580.2,587.3,21580.669
2025-08-18,568.8,582.5,560.7,582.1,30721.151
2025-08-19,548.5,573.7,547.6,568.9,27576.515
2025-08-20,560.9,562.8,543.2,548.5,29304.046
2025-08-21,554.7,565.0,550.2,560.9,23171.963
2025-08-22,599.8,608.0,550.6,554.8,66814.965
2025-08-23,591.3,601.8,584.2,599.8,36268.322
2025-08-24,583.2,600.0,581.9,591.4,29071.398
2025-08-25,543.6,589.6,536.1,583.3,46152.479
2025-08-26,550.9,556.4,532.4,543.6,59689.001
2025-08-27,550.2,564.0,544.2,550.9,49634.208
2025-08-28,557.9,567.0,548.4,550.2,20413.265
2025-08-29,530.7,560.4,527.2,557.9,91087.191
2025-08-30,552.8,554.3,524.0,530.8,38450.048
2025-08-31,544.2,556.0,542.4,552.8,22285.821
2025-09-01,545.1,552.0,530.0,544.2,39807.815
2025-09-02,584.7,587.7,543.4,545.2,85623.251
2025-09-03,603.7,612.5,578.5,584.7,132537.686
2025-09-04,586.6,604.6,583.1,603.6,52590.844
2025-09-05,606.8,629.8,584.7,586.6,153538.911
2025-09-06,595.3,617.2,583.6,606.8,102093.53
2025-09-07,603.2,608.5,593.3,595.2,23119.197
2025-09-08,588.4,606.1,585.4,603.2,94263.031
2025-09-09,580.5,594.3,574.5,588.3,62742.771
2025-09-10,581.1,591.1,576.9,580.4,48566.109
2025-09-11,596.4,604.1,576.1,581.0,65679.152
2025-09-12,598.3,601.8,587.2,596.3,39108.596
2025-09-13,598.5,605.5,593.8,598.4,30294.454
2025-09-14,601.6,607.3,588.1,598.6,50172.323
2025-09-15,593.7,616.9,587.8,601.5,41905.517
2025-09-16,598.8,601.9,588.9,593.7,20308.14
2025-09-17,616.7,625.7,590.5,598.7,56876.096
2025-09-18,624.4,651.0,612.3,616.8,104972.479
2025-09-19,600.6,632.4,598.0,624.3,51420.182
2025-09-20,594.5,606.9,593.1,600.6,18318.968
2025-09-21,593.6,602.3,593.5,594.5,11037.133
2025-09-22,567.1,594.8,553.0,593.6,41757.036
2025-09-23,556.7,569.8,553.7,567.1,38572.096
2025-09-24,556.4,563.7,548.5,556.7,21315.882
2025-09-25,536.5,557.5,531.5,556.4,41678.736
2025-09-26,548.1,551.1,534.4,536.5,22936.742
2025-09-27,543.7,548.1,539.5,548.1,6722.933
2025-09-28,556.4,558.2,535.8,543.7,20975.3
2025-09-29,561.0,563.1,550.0,556.4,17868.091
2025-09-30,560.6,563.2,549.2,561.0,19237.268
2025-10-01,592.8,600.0,559.4,560.6,39731.767
2025-10-02,594.5,598.1,579.9,592.8,47411.802
2025-10-03,608.5,615.3,590.8,594.5,37951.908
2025-10-04,589.9,609.4,584.3,608.5,20534.869
2025-10-05,594.2,615.3,587.6,590.0,30815.17
2025-10-06,598.8,606.7,592.1,594.3,17978.129
2025-10-07,576.2,599.9,574.1,598.9,28936.468
2025-10-08,583.1,588.0,573.2,576.3,13300.528
2025-10-09,580.0,594.3,568.3,583.2,24992.372
2025-10-10,513.5,601.2,482.0,579.9,158421.141
2025-10-11,500.1,540.3,477.7,513.4,76072.051
2025-10-12,540.7,545.4,495.6,500.1,53846.725
2025-10-13,546.5,549.4,530.7,540.6,32077.736
2025-10-14,538.0,547.2,507.6,546.5,138364.629
2025-10-15,522.2,546.0,517.4,538.0,23601.449
2025-10-16,504.8,529.7,501.3,522.2,29780.766
2025-10-17,469.8,510.8,443.2,504.8,109617.497
2025-10-18,468.5,483.7,462.2,469.8,24439.907
2025-10-19,472.7,479.1,456.6,468.4,38553.232
2025-10-20,478.7,486.6,467.0,472.6,39713.623
2025-10-21,480.8,515.5,464.0,478.7,115892.321
2025-10-22,473.2,486.0,462.2,480.8,32576.111
2025-10-23,480.3,491.9,472.7,473.2,181958.644
2025-10-24,503.2,510.0,478.3,480.3,54287.727
2025-10-25,508.2,512.8,495.9,503.2,50338.594
2025-10-26,559.4,565.7,508.2,508.2,100673.139
2025-10-27,555.6,580.0,545.8,559.4,86828.777
2025-10-28,557.6,580.0,550.0,555.6,150063.487
2025-10-29,555.6,566.7,546.9,557.6,75881.151
2025-10-30,541.2,576.2,527.3,555.6,78455.106
2025-10-31,535.1,568.1,532.6,541.2,79423.966
2025-11-01,554.0,563.0,531.1,535.1,57782.0
2025-11-02,536.9,556.1,522.9,554.1,53863.402
2025-11-03,505.9,537.0,492.6,536.9,63621.999
2025-11-04,480.0,512.7,460.3,505.9,70285.875
2025-11-05,489.1,494.6,460.5,480.1,25353.458
2025-11-06,472.9,489.9,464.2,489.1,23718.467
2025-11-07,512.3,524.8,470.4,473.0,186171.869
2025-11-08,495.8,515.6,485.8,512.4,20711.574
2025-11-09,503.5,507.3,488.7,495.7,30337.769
2025-11-10,517.6,525.7,500.8,503.5,33742.937
2025-11-11,505.7,532.1,503.8,517.6,74373.851
2025-11-12,507.4,532.6,498.4,505.7,42374.514
2025-11-13,509.3,531.6,494.1,507.3,83367.445
2025-11-14,479.6,518.1,475.6,509.3,52378.561
2025-11-15,502.5,519.8,479.4,479.6,53795.099
2025-11-16,483.4,504.4,472.5,502.4,26967.15
2025-11-17,490.8,515.6,480.8,483.4,42251.379
2025-11-18,523.2,538.0,475.8,490.7,101787.353
2025-11-19,486.4,523.4,470.9,523.2,58385.656
2025-11-20,480.8,513.0,474.1,486.4,77540.035
2025-11-21,533.5,550.7,446.9,480.8,171524.787
2025-11-22,556.7,568.1,521.2,533.5,152643.725
2025-11-23,539.3,558.5,536.5,556.7,66458.993
2025-11-24,549.3,564.5,537.1,539.3,67672.654
2025-11-25,527.3,550.0,516.2,549.4,51763.364
2025-11-26,543.7,549.1,525.9,527.3,118543.402
2025-11-27,532.7,551.0,531.4,543.7,51401.123
2025-11-28,548.6,554.6,530.8,532.7,180678.262
2025-11-29,521.5,548.8,517.5,548.7,89057.137
2025-11-30,540.8,562.6,518.1,521.6,82833.151
2025-12-01,523.2,544.8,508.8,540.7,94571.734
2025-12-02,545.3,558.5,519.9,523.1,84212.038
2025-12-03,590.6,607.4,543.5,545.3,143540.998
2025-12-04,574.9,600.0,566.3,590.5,57320.174
2025-12-05,559.6,583.7,557.0,574.9,42663.376
2025-12-06,583.5,596.9,557.9,559.6,49121.844
2025-12-07,598.5,605.0,567.7,583.6,41420.536
2025-12-08,579.1,605.0,575.8,598.5,36561.435
2025-12-09,585.0,591.3,570.0,579.2,96628.13
2025-12-10,572.6,588.9,558.8,584.9,96044.058
2025-12-11,574.3,576.6,551.5,572.7,45546.917
2025-12-12,581.9,588.4,567.9,574.3,59279.981
2025-12-13,579.9,586.8,568.2,581.9,19244.263
2025-12-14,558.3,585.3,554.2,580.0,30902.916
2025-12-15,536.1,573.8,518.5,558.2,50432.952
2025-12-16,546.3,557.8,527.7,536.1,39953.943
2025-12-17,546.7,568.8,539.8,546.2,51341.419
2025-12-18,565.9,588.0,528.1,546.6,101010.714
2025-12-19,624.9,631.7,557.1,565.9,97388.929
2025-12-20,592.1,625.9,588.5,624.8,62967.314
2025-12-21,591.1,602.9,576.8,592.0,30621.097
2025-12-22,590.4,598.6,571.4,591.2,63563.171
2025-12-23,572.5,593.9,570.6,590.4,33806.856
2025-12-24,568.7,581.1,563.3,572.6,46526.491
2025-12-25,589.8,600.1,566.4,568.7,42451.451
2025-12-26,594.9,614.5,586.8,589.7,51345.087
2025-12-27,623.4,625.8,593.2,594.8,41932.253
2025-12-28,622.4,638.0,610.5,623.3,53213.955
2025-12-29,599.2,627.2,592.9,622.4,103775.537
2025-12-30,595.8,608.1,591.3,599.2,67362.527
2025-12-31,599.5,603.4,592.9,595.8,27177.493
2026-01-01,593.2,606.5,585.9,599.6,34439.413
2026-01-02,609.8,618.7,585.4,593.3,57714.786
2026-01-03,654.5,664.1,608.5,609.9,92733.465
2026-01-04,639.1,662.5,635.4,654.5,88728.675
2026-01-05,645.2,669.6,639.0,639.2,87698.158
2026-01-06,638.2,658.0,624.1,645.3,65951.659
2026-01-07,629.2,638.2,622.2,638.2,21367.687
2026-01-08,632.0,653.4,619.0,629.3,54007.428
2026-01-09,634.7,642.5,625.0,632.1,34426.625
2026-01-10,643.9,650.4,631.4,634.7,21844.69
2026-01-11,649.1,667.0,638.1,644.0,124934.69
2026-01-12,621.7,661.2,613.1,649.2,133573.83
2026-01-13,617.0,626.6,605.1,621.6,101028.819
2026-01-14,597.4,619.5,593.6,617.0,116833.267
2026-01-15,590.8,630.6,574.5,597.5,211491.276
2026-01-16,599.5,606.9,589.5,590.9,114365.314
2026-01-17,594.1,602.7,588.9,599.6,64836.315
2026-01-18,591.4,602.3,587.7,594.1,24086.238
2026-01-19,584.0,594.8,562.8,591.4,51379.087
2026-01-20,573.2,587.2,564.2,584.0,58930.105
2026-01-21,584.8,598.0,570.2,573.1,63001.86
2026-01-22,599.2,604.0,584.5,584.8,25155.548
2026-01-23,595.7,601.5,586.5,599.2,19873.144
2026-01-24,593.6,599.1,590.8,595.7,8196.232
2026-01-25,572.2,595.9,563.6,593.6,23802.139
2026-01-26,578.7,583.3,571.2,572.1,14970.053
2026-01-27,600.2,603.9,577.6,578.7,36032.425
2026-01-28,591.1,602.0,589.4,600.2,18786.675
2026-01-29,554.1,591.4,548.2,591.2,27886.294
2026-01-30,553.2,559.8,533.4,554.1,49495.202
2026-01-31,507.5,554.1,467.2,553.3,72516.898
2026-02-01,516.2,538.4,506.2,507.6,84361.113
2026-02-02,539.7,544.1,497.4,516.3,52571.702
2026-02-03,527.1,542.1,509.6,539.6,36642.32
2026-02-04,532.5,539.9,515.0,527.0,37639.924
2026-02-05,453.9,542.6,452.6,532.5,93295.953
2026-02-06,523.2,542.8,423.0,453.8,131309.698
2026-02-07,525.1,540.5,514.2,523.1,77624.275
2026-02-08,527.0,540.8,516.8,525.2,34730.786
2026-02-09,533.0,538.0,511.2,527.0,31391.099
2026-02-10,524.3,534.3,511.8,533.0,38388.19
2026-02-11,516.2,528.0,507.6,524.3,38933.857
2026-02-12,503.0,521.0,493.8,516.2,25899.034
2026-02-13,563.9,570.0,499.9,503.0,52303.621
2026-02-14,562.9,572.6,557.6,563.9,30470.359
2026-02-15,553.5,566.6,550.4,563.0,22397.933
2026-02-16,569.2,581.5,551.5,553.5,31961.491
2026-02-17,563.4,578.0,549.5,569.2,25801.022
2026-02-18,558.0,570.2,550.6,563.5,21799.75
2026-02-19,560.4,564.9,538.7,557.9,29747.781
2026-02-20,562.4,570.7,540.8,560.2,66675.695
2026-02-21,564.1,577.0,558.5,562.5,19789.479
2026-02-22,570.7,586.2,559.0,564.1,50444.272
2026-02-23,495.8,570.8,487.3,570.8,76023.825
2026-02-24,484.8,499.1,470.8,495.7,72609.414
2026-02-25,492.9,520.3,483.9,484.8,53756.738
2026-02-26,478.4,505.8,476.6,492.8,29976.65
2026-02-27,461.5,491.1,455.1,478.4,32169.414
2026-02-28,457.6,468.4,439.6,461.4,42894.538
2026-03-01,441.7,466.9,432.0,457.6,28623.582
2026-03-02,445.3,454.4,436.1,441.7,35460.97
2026-03-03,443.9,450.1,432.2,445.4,24297.435
2026-03-04,466.9,476.8,439.0,443.9,44261.326
2026-03-05,461.6,467.8,454.3,466.8,30348.687
2026-03-06,449.7,463.3,442.2,461.5,21438.593
2026-03-07,450.2,454.1,445.7,449.6,13844.826
2026-03-08,443.1,455.4,440.4,450.2,14209.03
2026-03-09,444.6,456.9,442.9,443.0,23746.392
2026-03-10,447.1,454.3,442.6,444.5,27205.973
2026-03-11,455.1,461.2,445.7,447.0,19453.148
2026-03-12,455.2,461.5,451.6,455.1,11218.469
2026-03-13,461.0,475.6,454.8,455.2,39232.293
2026-03-14,467.6,468.5,454.3,460.9,16336.77
2026-03-15,469.7,470.7,459.8,467.6,17886.861
2026-03-16,478.8,483.8,465.1,469.6,25463.505
2026-03-17,470.7,481.2,470.2,478.8,13922.653
2026-03-18,456.9,472.6,446.5,470.7,18368.338
2026-03-19,455.6,460.7,449.7,456.9,18252.727
2026-03-20,474.6,475.2,454.9,455.7,21846.582
2026-03-21,462.6,477.2,459.7,474.6,13083.112
2026-03-22,467.4,471.4,457.4,462.5,20206.795
2026-03-23,478.0,486.3,462.6,467.4,26604.513
2026-03-24,477.4,480.2,468.6,478.1,23114.362
2026-03-25,473.6,480.3,471.4,477.4,13866.679
2026-03-26,461.9,474.1,458.7,473.6,18277.488
2026-03-27,472.9,475.0,458.2,462.0,57189.175
2026-03-28,481.2,484.2,470.8,472.9,25019.844
2026-03-29,452.7,484.8,446.9,481.2,93699.265
2026-03-30,460.3,467.4,450.6,452.7,33395.922
2026-03-31,466.5,477.9,460.0,460.3,39604.712
2026-04-01,455.1,466.6,453.7,466.5,37116.947
2026-04-02,444.3,455.8,439.4,455.1,23884.47
2026-04-03,443.0,446.7,439.6,444.2,8808.812
2026-04-04,441.2,445.1,440.9,443.0,6996.991
2026-04-05,428.6,442.5,420.4,441.1,23521.355
2026-04-06,435.1,440.6,428.7,428.7,17547.854
2026-04-07,445.9,448.4,429.9,435.0,17971.893
2026-04-08,441.3,449.9,440.1,446.0,18131.002
2026-04-09,443.1,446.9,433.0,441.3,19468.639
2026-04-10,443.8,446.8,434.3,443.2,13141.794
2026-04-11,437.7,445.3,436.6,443.7,8778.886
2026-04-12,421.3,438.0,419.5,437.6,25425.501
2026-04-13,438.2,440.6,421.1,421.2,15504.761
2026-04-14,436.2,444.2,433.5,438.3,14172.971
2026-04-15,440.8,443.4,427.5,436.2,11572.838
2026-04-16,454.9,457.5,434.1,440.8,18450.396
2026-04-17,453.4,461.8,446.6,454.8,18935.659
2026-04-18,443.5,456.1,443.3,453.4,9480.008
2026-04-19,435.1,446.2,433.9,443.6,9877.988
2026-04-20,443.6,446.4,435.2,435.3,8005.93
2026-04-21,448.5,449.7,440.5,443.6,12511.708
2026-04-22,460.3,474.0,447.5,448.6,30013.685
2026-04-23,460.8,461.0,452.5,460.3,18193.907
2026-04-24,456.2,461.7,454.5,460.9,9324.242
2026-04-25,453.0,456.5,452.1,456.2,4766.45
2026-04-26,454.9,456.3,450.3,453.1,7114.758
2026-04-27,449.8,458.2,446.1,455.0,13050.617
2026-04-28,453.7,454.2,442.7,449.8,8021.206
2026-04-29,447.5,455.6,441.9,453.7,10733.693
2026-04-30,440.9,449.3,440.3,447.5,6651.632
2026-05-01,450.5,458.2,440.9,441.0,10072.882
2026-05-02,445.7,453.2,444.4,450.6,4276.149
2026-05-03,443.2,447.5,442.4,445.6,5230.95
2026-05-04,443.7,450.8,437.0,443.1,25745.13
2026-05-05,461.4,464.5,443.0,443.8,35728.834
2026-05-06,465.7,489.3,458.5,461.5,66112.583
2026-05-07,450.2,466.4,447.0,465.7,16635.574
2026-05-08,450.5,454.5,447.8,450.3,14290.65
2026-05-09,449.8,453.9,448.3,450.5,11516.573
2026-05-10,464.3,465.4,449.0,449.9,15360.681
2026-05-11,450.2,465.3,447.9,464.4,15052.634
2026-05-12,439.6,450.4,436.0,450.2,22805.876
2026-05-13,434.1,444.8,430.0,439.6,22082.849
2026-05-14,435.0,438.9,431.5,434.2,8061.695
2026-05-15,426.8,437.5,423.8,434.9,20813.41
2026-05-16,415.8,428.2,410.6,426.8,34719.605
2026-05-17,404.8,416.8,400.0,415.8,11386.055
2026-05-18,378.8,404.8,348.3,404.8,135835.464
2026-05-19,370.4,386.7,360.8,378.8,49253.812
2026-05-20,373.1,375.2,364.0,370.4,22274.251
2026-05-21,380.4,383.5,372.9,373.2,19384.169
2026-05-22,360.7,382.3,359.1,380.5,19132.754
2026-05-23,355.5,364.7,342.9,360.7,40041.832
2026-05-24,347.0,358.0,333.5,355.6,19754.598
2026-05-25,351.7,352.5,344.1,347.0,11407.986
2026-05-26,343.4,355.2,342.7,351.8,16884.038
2026-05-27,334.8,347.5,332.0,343.4,17294.609
2026-05-28,300.3,336.2,287.8,334.7,129934.702
2026-05-29,302.3,312.4,296.6,300.2,86978.39
2026-05-30,303.7,308.1,296.8,302.3,20483.925
2026-05-31,302.9,308.2,297.5,303.7,38984.331
2026-06-01,293.8,304.8,278.1,302.8,44690.258
2026-06-02,268.7,294.1,265.1,293.9,48215.329
2026-06-03,243.3,271.6,239.5,268.7,325825.13
2026-06-04,245.6,252.1,230.2,243.3,90407.306
2026-06-05,210.0,246.1,207.9,245.5,96259.357
2026-06-06,217.4,227.2,202.0,209.9,71645.453
2026-06-07,230.3,234.6,215.7,217.4,43523.297
2026-06-08,209.4,231.6,199.1,230.3,345559.487
2026-06-09,203.4,211.0,201.0,209.4,62023.639
2026-06-10,194.5,204.5,191.7,203.4,58489.66
2026-06-11,205.3,209.8,192.6,194.4,75570.137
2026-06-12,202.2,209.1,201.0,205.3,38456.175
2026-06-13,208.7,209.7,200.9,202.2,30161.232
2026-06-14,210.7,210.8,196.7,208.7,44020.625
2026-06-15,224.6,231.1,209.5,210.6,65295.268
2026-06-16,214.1,228.2,212.5,224.5,98108.415
2026-06-17,212.5,218.2,208.5,214.0,47381.509
2026-06-18,199.7,215.4,192.8,212.6,66118.945
2026-06-19,198.6,200.0,192.9,199.7,39896.556
2026-06-20,200.1,200.9,195.6,198.6,19193.263
2026-06-21,194.9,200.2,194.4,200.1,13393.42
2026-06-22,197.7,205.3,194.9,195.0,26062.55
2026-06-23,194.6,198.4,186.4,197.6,111979.48
2026-06-24,190.4,196.6,181.0,194.7,49757.298
2026-06-25,193.1,197.2,182.4,190.5,44870.465
2026-06-26,197.3,203.0,184.9,193.1,47424.406
2026-06-27,195.5,200.1,194.4,197.4,16689.964
2026-06-28,191.0,198.0,188.3,195.4,17411.023
2026-06-29,201.2,203.0,188.5,191.0,24363.872
2026-06-30,200.0,202.6,194.3,201.3,30537.838
2026-07-01,210.1,218.9,196.0,200.1,49111.802
2026-07-02,220.4,223.0,210.0,210.1,45677.61
2026-07-03,229.5,231.0,219.4,220.3,38065.081
2026-07-04,236.1,237.8,224.1,229.4,29971.967
2026-07-05,244.4,249.5,234.2,236.1,44969.247
2026-07-06,242.1,251.1,234.6,244.4,41545.487
2026-07-07,239.4,245.0,234.7,242.1,26808.742
2026-07-08,235.4,241.8,228.9,239.4,32034.214
2026-07-09,237.8,241.0,231.4,235.4,21825.947
2026-07-10,245.2,255.1,237.0,237.9,30134.064
2026-07-11,244.0,250.3,243.5,245.2,19926.697
2026-07-12,240.3,247.9,239.0,243.9,21075.97
2026-07-13,236.5,244.9,233.0,240.2,21229.788
2026-07-14,236.8,242.3,231.2,236.5,22894.307
2026-07-15,223.1,238.3,222.3,236.9,33012.622
2026-07-16,221.9,227.3,219.4,223.1,56696.075
2026-07-17,219.7,224.6,213.8,222.0,54359.944
2026-07-18,220.2,222.0,217.0,219.8,14617.052
2026-07-19,215.3,220.5,214.1,220.1,14900.982
2026-07-20,219.9,221.3,209.8,215.3,25419.787
2026-07-21,223.9,226.8,219.7,219.9,21003.727
2026-07-22,220.0,225.6,218.5,224.0,15004.535
2026-07-23,211.8,220.5,208.2,220.0,21609.168
2026-07-24,211.0,213.4,207.6,211.8,15254.177
2026-07-25,209.8,213.0,209.1,211.0,18144.971
2026-07-26,217.1,219.1,209.1,209.8,16548.044
2026-07-27,211.8,220.2,210.9,217.1,32426.294
2026-07-28,214.3,215.4,209.3,212.0,20881.003
2026-07-29,211.5,216.2,204.4,214.3,20897.949
2026-07-30,217.0,222.0,208.3,211.5,24159.699
2026-07-31,210.0,218.3,205.0,216.9,22123.37
2026-08-01,208.1,212.6,205.9,210.1,11666.639
2026-08-02,212.9,214.9,207.2,208.1,11805.53
2026-08-03,213.2,215.4,208.6,212.7,11967.188
2026-08-04,213.4,214.8,211.4,213.2,10001.542
2026-08-05,214.6,217.4,210.0,213.4,18501.119
2026-08-06,212.8,215.7,210.8,214.7,12125.932
2026-08-07,214.8,218.2,212.5,212.7,10635.782
2026-08-08,216.2,218.8,214.4,214.8,6033.06
2026-08-09,214.8,218.6,213.9,216.2,5978.017
2026-08-10,213.3,217.5,212.4,214.7,6176.329
2026-08-11,213.8,216.1,211.1,213.3,9125.576
2026-08-12,215.8,216.8,212.7,213.8,3404.879
